Employee ID,Gender,Ethnicity,Age Group,Job Grade,Employment Type,Anual Salary,Year
1,Male,Asian,40-49,11,Casual,"$71,620.15",2024
2,Female,Hispanic,20-29,1,Full-Time,"$93,983.55",2022
3,Female,Asian,40-49,9,Full-Time,"$83,933.66",2022
4,Female,Hispanic,20-29,8,Part-Time,"$100,820.77",2023
5,Female,Black,30-39,3,Full-Time,"$105,301.61",2023
6,Female,Asian,40-49,3,Casual,"$32,939.92",2024
7,Female,Asian,50-59,11,Part-Time,"$79,480.79",2022
8,Female,Hispanic,30-39,10,Full-Time,"$104,079.39",2022
9,Female,White,20-29,7,Casual,"$70,474.28",2022
10,Male,African,20-29,11,Casual,"$39,997.73",2024
11,Female,Asian,30-39,10,Casual,"$106,238.25",2022
12,Male,Hispanic,50-59,3,Full-Time,"$29,330.69",2024
13,Male,Hispanic,20-29,8,Casual,"$82,042.12",2023
14,Female,Asian,20-29,7,Casual,"$119,610.32",2023
15,Male,Black,30-39,7,Part-Time,"$41,159.99",2023
16,Female,Hispanic,30-39,1,Casual,"$65,526.97",2023
17,Female,White,40-49,9,Casual,"$72,483.44",2023
18,Male,Hispanic,50-59,11,Casual,"$18,186.38",2023
19,Female,Asian,30-39,11,Full-Time,"$20,239.87",2024
20,Male,Black,20-29,3,Part-Time,"$16,031.66",2024
21,Male,Hispanic,40-49,9,Casual,"$37,629.57",2023
22,Male,White,50-59,5,Full-Time,"$11,837.54",2024
23,Female,Black,40-49,12,Casual,"$13,640.17",2024
24,Female,White,50-59,1,Casual,"$37,837.45",2022
25,Male,Hispanic,20-29,9,Part-Time,"$68,203.24",2023
26,Male,Black,30-39,7,Full-Time,"$66,043.76",2022
27,Male,White,50-59,9,Full-Time,"$101,831.43",2022
28,Male,African,20-29,12,Part-Time,"$13,246.69",2024
29,Female,African,20-29,9,Part-Time,"$32,519.26",2024
30,Male,Hispanic,50-59,5,Part-Time,"$38,744.74",2024
31,Male,African,30-39,11,Full-Time,"$91,574.72",2024
32,Female,Asian,20-29,2,Casual,"$40,749.81",2022
33,Male,Black,30-39,11,Full-Time,"$105,045.91",2024
34,Female,Asian,20-29,9,Casual,"$18,067.22",2023
35,Male,Asian,50-59,8,Casual,"$106,907.47",2023
36,Male,Hispanic,20-29,12,Casual,"$115,558.04",2022
37,Male,African,50-59,4,Part-Time,"$32,224.74",2024
38,Female,White,30-39,6,Full-Time,"$38,138.92",2023
39,Male,Black,30-39,3,Full-Time,"$23,048.75",2022
40,Female,White,40-49,5,Casual,"$119,214.11",2023
41,Male,Asian,40-49,6,Full-Time,"$27,360.29",2023
42,Female,Hispanic,20-29,2,Full-Time,"$7,426.19",2022
43,Female,White,50-59,8,Casual,"$14,568.42",2024
44,Female,Hispanic,40-49,12,Full-Time,"$106,322.01",2023
45,Female,White,20-29,6,Part-Time,"$115,631.86",2024
46,Female,Black,50-59,10,Full-Time,"$38,722.71",2023
47,Male,Black,40-49,10,Casual,"$83,464.12",2023
48,Female,Asian,30-39,12,Casual,"$63,209.63",2024
49,Female,White,20-29,10,Part-Time,"$74,100.07",2023
50,Male,White,20-29,8,Part-Time,"$51,121.84",2023
51,Female,Hispanic,20-29,5,Part-Time,"$114,734.28",2024
52,Male,African,20-29,7,Full-Time,"$102,849.18",2024
53,Female,Black,50-59,10,Part-Time,"$79,338.96",2023
54,Male,Asian,50-59,1,Casual,"$93,870.34",2024
55,Female,African,20-29,11,Full-Time,"$87,726.76",2022
56,Female,Black,30-39,8,Part-Time,"$31,739.02",2023
57,Male,African,50-59,1,Part-Time,"$3,183.43",2022
58,Female,Hispanic,20-29,4,Full-Time,"$115,942.46",2023
59,Male,Hispanic,30-39,8,Full-Time,"$8,390.35",2023
60,Male,White,20-29,9,Casual,"$116,814.16",2024
61,Male,African,50-59,12,Part-Time,"$79,947.73",2024
62,Male,Asian,50-59,1,Full-Time,"$32,746.64",2023
63,Male,Asian,20-29,8,Part-Time,"$100,382.67",2023
64,Female,Hispanic,40-49,4,Full-Time,"$40,835.09",2022
65,Male,Asian,30-39,4,Full-Time,"$49,705.57",2023
66,Male,White,50-59,11,Part-Time,"$48,371.17",2024
67,Female,White,20-29,11,Full-Time,"$118,463.44",2024
68,Male,Asian,20-29,3,Part-Time,"$5,516.22",2024
69,Male,African,40-49,5,Full-Time,"$11,155.10",2023
70,Female,African,30-39,3,Full-Time,"$8,269.17",2023
71,Male,African,50-59,5,Part-Time,"$93,763.54",2022
72,Female,Asian,30-39,12,Full-Time,"$95,244.61",2022
73,Male,White,30-39,6,Part-Time,"$14,881.27",2024
74,Female,African,40-49,10,Casual,"$31,186.13",2024
75,Male,Black,30-39,10,Part-Time,"$20,646.58",2022
76,Male,Asian,30-39,8,Part-Time,"$52,977.18",2024
77,Male,White,50-59,3,Casual,"$63,454.10",2022
78,Female,Hispanic,20-29,12,Part-Time,"$91,403.27",2024
79,Female,Black,20-29,2,Part-Time,"$103,645.00",2023
80,Female,African,50-59,4,Casual,"$27,741.11",2023
81,Female,African,40-49,2,Full-Time,"$48,064.36",2024
82,Female,White,50-59,8,Part-Time,"$47,061.91",2024
83,Female,White,30-39,6,Casual,"$24,298.49",2024
84,Male,Hispanic,30-39,8,Part-Time,"$9,106.25",2023
85,Female,Black,30-39,11,Full-Time,"$61,538.99",2024
86,Female,White,30-39,8,Full-Time,"$55,919.02",2022
87,Male,White,50-59,12,Part-Time,"$38,538.22",2022
88,Female,African,20-29,9,Full-Time,"$79,607.02",2022
89,Female,White,50-59,2,Full-Time,"$89,600.82",2022
90,Male,Black,20-29,2,Casual,"$64,321.12",2022
91,Female,Black,40-49,2,Casual,"$112,662.74",2022
92,Female,White,30-39,8,Full-Time,"$20,039.62",2024
93,Female,Hispanic,30-39,7,Casual,"$113,900.01",2023
94,Male,Black,40-49,7,Part-Time,"$26,004.98",2023
95,Female,Hispanic,50-59,6,Part-Time,"$17,299.48",2023
96,Male,Hispanic,20-29,3,Casual,"$99,246.31",2022
97,Female,Asian,20-29,7,Part-Time,"$10,785.62",2023
98,Male,Black,20-29,4,Full-Time,"$11,899.51",2022
99,Female,White,30-39,7,Part-Time,"$61,282.79",2023
100,Female,Black,30-39,2,Part-Time,"$35,004.44",2023
101,Female,Black,40-49,7,Casual,"$39,712.32",2023
102,Female,Hispanic,20-29,1,Full-Time,"$5,310.99",2022
103,Male,White,30-39,6,Part-Time,"$91,494.73",2022
104,Male,Black,40-49,1,Part-Time,"$90,037.77",2022
105,Male,Asian,20-29,12,Part-Time,"$13,656.95",2022
106,Female,Asian,30-39,10,Full-Time,"$104,901.77",2023
107,Female,Hispanic,30-39,10,Full-Time,"$52,671.99",2024
108,Female,African,40-49,3,Part-Time,"$103,591.93",2023
109,Male,African,50-59,2,Casual,"$53,784.78",2023
110,Male,White,40-49,1,Casual,"$77,066.96",2022
111,Male,Asian,30-39,11,Casual,"$105,734.73",2023
112,Male,Asian,20-29,9,Casual,"$73,027.98",2023
113,Female,White,20-29,6,Casual,"$96,318.99",2022
114,Female,White,50-59,6,Part-Time,"$26,039.96",2023
115,Female,African,30-39,12,Part-Time,"$95,281.67",2022
116,Female,African,50-59,6,Part-Time,"$118,060.52",2022
117,Female,African,50-59,6,Full-Time,"$78,575.29",2024
118,Female,Hispanic,50-59,4,Part-Time,"$28,007.71",2023
119,Male,Asian,20-29,10,Part-Time,"$54,908.56",2023
120,Female,Asian,50-59,12,Full-Time,"$97,991.34",2022
121,Female,White,30-39,8,Full-Time,"$109,052.16",2023
122,Male,Asian,50-59,8,Casual,"$70,695.37",2024
123,Female,Hispanic,50-59,2,Part-Time,"$31,330.46",2023
124,Female,Black,40-49,12,Full-Time,"$83,649.16",2024
125,Female,Black,50-59,10,Casual,"$88,676.42",2023
126,Male,White,30-39,4,Part-Time,"$111,638.52",2022
127,Female,Hispanic,30-39,8,Part-Time,"$55,119.72",2023
128,Female,Black,30-39,2,Full-Time,"$43,385.47",2024
129,Male,African,20-29,7,Casual,"$34,110.40",2024
130,Female,African,20-29,1,Part-Time,"$37,964.34",2022
131,Female,Asian,50-59,8,Part-Time,"$64,511.30",2023
132,Male,Hispanic,50-59,10,Part-Time,"$67,741.77",2024
133,Female,Asian,40-49,12,Full-Time,"$3,077.26",2022
134,Female,White,50-59,9,Part-Time,"$96,300.33",2024
135,Male,White,40-49,8,Part-Time,"$99,528.64",2022
136,Male,African,30-39,3,Part-Time,"$45,513.15",2024
137,Female,Asian,40-49,8,Part-Time,"$44,933.08",2022
138,Male,Black,50-59,11,Full-Time,"$93,242.88",2022
139,Male,African,30-39,3,Part-Time,"$86,918.11",2023
140,Female,Black,50-59,2,Full-Time,"$56,070.70",2023
141,Male,White,30-39,2,Casual,"$3,554.83",2023
142,Male,Hispanic,50-59,1,Part-Time,"$92,325.48",2023
143,Male,White,30-39,7,Casual,"$41,605.89",2023
144,Female,Hispanic,50-59,5,Full-Time,"$3,777.96",2022
145,Female,Black,20-29,8,Full-Time,"$91,820.04",2024
146,Female,African,30-39,8,Casual,"$91,139.42",2023
147,Female,White,40-49,6,Casual,"$86,307.82",2023
148,Female,Asian,50-59,3,Part-Time,"$60,087.44",2023
149,Female,Black,40-49,3,Casual,"$23,952.90",2022
150,Male,Hispanic,50-59,11,Part-Time,"$78,680.95",2023
151,Female,White,40-49,2,Part-Time,"$73,999.03",2024
152,Male,African,20-29,3,Casual,"$27,863.74",2024
153,Female,Hispanic,20-29,2,Casual,"$98,333.18",2024
154,Male,Asian,20-29,11,Casual,"$80,433.02",2023
155,Male,White,50-59,4,Casual,"$91,694.91",2024
156,Female,Asian,40-49,10,Full-Time,"$88,633.08",2022
157,Female,Asian,20-29,10,Part-Time,"$65,379.17",2024
158,Male,Black,20-29,6,Part-Time,"$86,775.34",2023
159,Female,White,30-39,7,Full-Time,"$72,518.27",2024
160,Male,White,30-39,11,Part-Time,"$29,324.65",2023
161,Male,Hispanic,30-39,3,Casual,"$62,232.32",2023
162,Female,White,30-39,2,Full-Time,"$117,175.80",2024
163,Female,White,50-59,3,Part-Time,"$103,914.63",2023
164,Female,African,50-59,10,Casual,"$25,752.84",2023
165,Male,White,50-59,11,Casual,"$95,706.17",2024
166,Female,Asian,20-29,1,Full-Time,"$56,012.14",2023
167,Female,Asian,50-59,12,Full-Time,"$100,525.60",2022
168,Male,White,30-39,6,Full-Time,"$93,348.32",2022
169,Male,Asian,30-39,1,Part-Time,"$18,781.82",2023
170,Male,White,40-49,11,Casual,"$57,888.74",2022
171,Female,White,50-59,2,Full-Time,"$117,937.51",2023
172,Male,African,30-39,8,Casual,"$6,918.87",2024
173,Male,Black,20-29,11,Casual,"$91,378.32",2022
174,Female,Black,30-39,3,Casual,"$64,319.27",2024
175,Female,Hispanic,40-49,5,Part-Time,"$56,822.99",2022
176,Male,Black,30-39,4,Casual,"$45,386.13",2022
177,Male,African,50-59,7,Casual,"$35,771.91",2022
178,Male,Hispanic,20-29,9,Casual,"$34,885.78",2023
179,Female,Black,50-59,8,Part-Time,"$47,000.28",2024
180,Female,Hispanic,30-39,2,Full-Time,"$103,018.97",2023
181,Male,African,40-49,3,Casual,"$27,814.01",2023
182,Female,African,20-29,9,Part-Time,"$45,480.91",2024
183,Male,Asian,40-49,3,Part-Time,"$60,749.18",2024
184,Female,Asian,20-29,4,Casual,"$60,800.32",2024
185,Male,White,20-29,12,Full-Time,"$108,206.00",2024
186,Male,White,30-39,6,Casual,"$68,642.43",2024
187,Male,African,20-29,12,Casual,"$68,667.61",2024
188,Female,Asian,40-49,9,Part-Time,"$32,993.59",2023
189,Female,White,40-49,12,Casual,"$15,298.93",2024
190,Female,Asian,20-29,4,Part-Time,"$13,236.74",2022
191,Male,African,50-59,11,Part-Time,"$64,955.65",2022
192,Female,Black,50-59,12,Part-Time,"$36,070.65",2022
193,Female,African,20-29,4,Full-Time,"$116,103.75",2024
194,Female,Black,30-39,12,Full-Time,"$78,204.49",2022
195,Female,African,30-39,4,Part-Time,"$115,666.86",2023
196,Male,White,40-49,7,Casual,"$97,007.98",2024
197,Female,White,20-29,6,Full-Time,"$90,953.40",2023
198,Male,Asian,40-49,1,Part-Time,"$16,820.27",2023
199,Male,Black,50-59,9,Casual,"$119,785.49",2022
200,Male,White,40-49,9,Casual,"$16,364.92",2022
201,Female,Black,20-29,10,Full-Time,"$94,028.38",2024
202,Male,African,40-49,4,Full-Time,"$91,009.22",2022
203,Male,African,50-59,7,Casual,"$4,619.94",2024
204,Male,African,50-59,3,Full-Time,"$76,605.90",2023
205,Male,Asian,30-39,3,Casual,"$45,872.40",2022
206,Male,White,20-29,6,Full-Time,"$25,618.53",2024
207,Male,Black,20-29,2,Full-Time,"$12,098.52",2024
208,Male,Black,40-49,5,Part-Time,"$31,864.11",2022
209,Female,Black,50-59,11,Casual,"$24,446.30",2024
210,Female,White,40-49,2,Casual,"$26,787.62",2024
211,Male,African,50-59,5,Casual,"$35,760.42",2023
212,Male,African,40-49,7,Casual,"$39,469.89",2023
213,Male,White,20-29,9,Full-Time,"$45,224.02",2023
214,Male,Hispanic,30-39,12,Part-Time,"$113,888.73",2024
215,Male,Black,40-49,8,Full-Time,"$87,737.44",2022
216,Female,African,40-49,8,Casual,"$52,124.55",2024
217,Female,Hispanic,30-39,7,Casual,"$109,043.91",2022
218,Male,White,50-59,7,Part-Time,"$115,241.70",2024
219,Male,Asian,50-59,12,Casual,"$8,581.79",2023
220,Male,Hispanic,30-39,7,Casual,"$62,460.24",2024
221,Male,Hispanic,30-39,8,Casual,"$32,797.97",2023
222,Female,Hispanic,30-39,5,Casual,"$14,935.75",2024
223,Male,Asian,20-29,4,Part-Time,"$107,000.63",2024
224,Female,Asian,40-49,3,Casual,"$30,985.06",2022
225,Male,White,20-29,12,Casual,"$111,862.29",2024
226,Male,Asian,30-39,3,Casual,"$42,053.22",2022
227,Male,Asian,30-39,8,Casual,"$26,167.28",2024
228,Male,Asian,50-59,4,Part-Time,"$110,805.44",2022
229,Male,Black,20-29,12,Full-Time,"$38,632.68",2023
230,Male,African,50-59,2,Casual,"$55,839.11",2024
231,Female,Hispanic,30-39,5,Full-Time,"$24,561.28",2023
232,Male,African,40-49,5,Casual,"$36,395.15",2022
233,Male,Hispanic,30-39,8,Casual,"$46,808.64",2022
234,Male,Asian,20-29,12,Part-Time,"$76,810.33",2024
235,Male,African,20-29,4,Part-Time,"$4,565.74",2023
236,Female,White,40-49,8,Casual,"$30,154.30",2024
237,Male,Black,40-49,3,Casual,"$117,757.59",2023
238,Female,White,50-59,6,Full-Time,"$103,563.23",2024
239,Female,Black,40-49,1,Full-Time,"$102,471.93",2024
240,Female,African,20-29,8,Full-Time,"$65,209.50",2023
241,Female,White,50-59,2,Part-Time,"$87,808.38",2024
242,Male,White,40-49,3,Casual,"$65,501.76",2023
243,Female,Hispanic,50-59,5,Part-Time,"$68,795.57",2022
244,Male,Black,50-59,3,Casual,"$119,626.46",2023
245,Female,White,50-59,8,Casual,"$92,568.26",2022
246,Female,African,50-59,6,Part-Time,"$35,240.91",2022
247,Male,Asian,40-49,4,Casual,"$37,400.26",2022
248,Male,White,40-49,1,Part-Time,"$116,780.04",2024
249,Female,African,50-59,8,Casual,"$54,330.51",2023
250,Female,African,40-49,4,Part-Time,"$80,439.83",2023
251,Male,Hispanic,30-39,5,Casual,"$63,843.95",2023
252,Male,Black,20-29,11,Full-Time,"$81,528.09",2024
253,Male,Black,30-39,10,Casual,"$106,882.82",2024
254,Female,African,20-29,9,Full-Time,"$10,796.81",2023
255,Female,Black,20-29,6,Casual,"$58,499.74",2023
256,Male,African,30-39,8,Part-Time,"$23,271.52",2022
257,Male,Asian,30-39,12,Full-Time,"$85,378.58",2022
258,Female,Black,20-29,3,Full-Time,"$83,751.04",2023
259,Male,Hispanic,50-59,10,Casual,"$19,551.11",2023
260,Male,African,30-39,4,Casual,"$98,867.55",2023
261,Female,African,40-49,5,Casual,"$65,201.37",2022
262,Female,Black,30-39,1,Part-Time,"$102,909.69",2024
263,Male,Asian,30-39,7,Full-Time,"$86,208.48",2024
264,Male,Asian,50-59,8,Full-Time,"$97,441.91",2023
265,Male,Hispanic,50-59,10,Full-Time,"$113,090.25",2024
266,Male,White,40-49,6,Full-Time,"$75,465.87",2024
267,Male,Hispanic,40-49,8,Part-Time,"$64,997.58",2024
268,Male,White,50-59,9,Full-Time,"$18,342.11",2023
269,Female,White,30-39,8,Full-Time,"$76,767.33",2024
270,Male,Hispanic,40-49,11,Part-Time,"$92,901.31",2022
271,Male,Asian,40-49,6,Full-Time,"$83,100.33",2024
272,Female,African,50-59,5,Casual,"$3,084.29",2024
273,Female,Hispanic,50-59,1,Part-Time,"$100,043.31",2023
274,Female,Black,20-29,1,Part-Time,"$3,837.96",2022
275,Male,Black,50-59,11,Part-Time,"$33,218.40",2022
276,Female,African,30-39,2,Part-Time,"$45,045.54",2023
277,Female,African,40-49,2,Casual,"$26,009.00",2023
278,Female,Black,40-49,2,Full-Time,"$70,669.28",2022
279,Male,Asian,50-59,11,Casual,"$44,712.92",2024
280,Male,African,30-39,1,Casual,"$4,043.91",2023
281,Male,White,40-49,2,Full-Time,"$68,181.19",2024
282,Female,African,30-39,12,Casual,"$96,426.07",2024
283,Female,Black,40-49,5,Full-Time,"$89,484.93",2022
284,Female,Black,30-39,9,Part-Time,"$28,901.37",2022
285,Female,African,50-59,11,Casual,"$77,281.22",2023
286,Male,White,20-29,1,Part-Time,"$119,197.60",2023
287,Female,Black,40-49,10,Part-Time,"$20,605.60",2023
288,Female,Hispanic,20-29,6,Part-Time,"$70,110.49",2022
289,Male,Hispanic,50-59,1,Part-Time,"$97,283.01",2024
290,Male,White,50-59,3,Casual,"$8,648.07",2024
291,Female,White,40-49,4,Full-Time,"$85,101.86",2022
292,Female,Asian,20-29,8,Full-Time,"$94,257.01",2023
293,Male,Hispanic,50-59,4,Full-Time,"$106,527.24",2024
294,Female,White,50-59,7,Casual,"$109,646.75",2023
295,Female,Hispanic,30-39,9,Full-Time,"$82,397.14",2022
296,Male,Hispanic,20-29,3,Casual,"$92,819.59",2024
297,Female,Hispanic,50-59,7,Full-Time,"$46,209.81",2024
298,Female,Asian,30-39,1,Full-Time,"$94,433.57",2022
299,Male,Hispanic,20-29,9,Part-Time,"$118,489.29",2024
300,Male,Asian,30-39,3,Casual,"$22,467.21",2024
301,Male,White,30-39,1,Full-Time,"$60,039.33",2024
302,Female,Hispanic,20-29,10,Part-Time,"$50,779.70",2022
303,Male,White,20-29,4,Part-Time,"$31,389.51",2022
304,Male,African,50-59,12,Part-Time,"$119,614.79",2022
305,Female,White,50-59,6,Casual,"$85,330.72",2024
306,Female,African,20-29,10,Part-Time,"$55,608.37",2022
307,Female,Asian,40-49,9,Part-Time,"$11,923.53",2022
308,Female,Hispanic,50-59,2,Full-Time,"$75,040.97",2023
309,Male,White,20-29,8,Casual,"$26,612.36",2022
310,Female,White,20-29,5,Full-Time,"$4,575.50",2022
311,Male,White,40-49,10,Part-Time,"$66,092.35",2023
312,Male,African,50-59,5,Casual,"$23,879.55",2024
313,Female,Hispanic,40-49,4,Part-Time,"$90,142.36",2024
314,Male,Black,30-39,8,Casual,"$24,389.46",2024
315,Female,African,40-49,1,Part-Time,"$50,088.50",2022
316,Female,African,20-29,2,Casual,"$9,824.79",2022
317,Female,African,30-39,8,Full-Time,"$52,384.24",2022
318,Female,White,20-29,6,Casual,"$68,960.49",2023
319,Female,Hispanic,30-39,7,Casual,"$23,398.15",2024
320,Male,Hispanic,30-39,3,Part-Time,"$78,449.28",2024
321,Female,African,20-29,12,Full-Time,"$42,821.15",2023
322,Female,Asian,50-59,4,Full-Time,"$59,456.22",2023
323,Male,Black,40-49,10,Part-Time,"$40,958.19",2023
324,Female,White,20-29,8,Part-Time,"$4,906.69",2023
325,Female,African,20-29,4,Full-Time,"$98,073.72",2024
326,Male,White,30-39,6,Casual,"$53,777.22",2022
327,Female,Hispanic,30-39,7,Part-Time,"$118,586.30",2024
328,Female,African,50-59,7,Part-Time,"$116,150.17",2024
329,Female,Asian,20-29,11,Part-Time,"$59,486.44",2024
330,Female,White,50-59,2,Casual,"$72,456.78",2024
331,Male,White,40-49,1,Full-Time,"$61,205.33",2022
332,Male,Hispanic,50-59,2,Part-Time,"$86,732.35",2022
333,Male,Black,50-59,4,Full-Time,"$98,171.20",2024
334,Female,White,40-49,5,Casual,"$105,892.26",2022
335,Female,White,30-39,3,Casual,"$25,848.59",2022
336,Male,African,50-59,6,Full-Time,"$90,961.40",2023
337,Male,African,40-49,10,Part-Time,"$36,231.46",2023
338,Female,Black,30-39,2,Full-Time,"$111,559.84",2022
339,Male,Black,40-49,7,Full-Time,"$39,596.17",2024
340,Female,Asian,20-29,9,Casual,"$54,615.49",2024
341,Female,White,20-29,4,Casual,"$75,950.22",2022
342,Male,Hispanic,20-29,11,Full-Time,"$76,642.90",2023
343,Male,White,20-29,4,Full-Time,"$76,157.22",2024
344,Male,Asian,50-59,8,Part-Time,"$80,033.54",2022
345,Male,Asian,30-39,4,Full-Time,"$72,046.64",2023
346,Male,Hispanic,40-49,6,Part-Time,"$96,618.79",2024
347,Female,African,30-39,6,Part-Time,"$102,635.77",2023
348,Male,Black,40-49,12,Full-Time,"$23,296.44",2022
349,Female,White,40-49,3,Casual,"$49,562.46",2023
350,Female,Asian,50-59,11,Part-Time,"$75,803.12",2024
351,Male,Hispanic,40-49,9,Casual,"$119,716.20",2022
352,Male,Hispanic,30-39,11,Part-Time,"$83,753.96",2024
353,Male,Hispanic,30-39,1,Part-Time,"$85,934.30",2022
354,Male,Hispanic,50-59,10,Part-Time,"$3,631.12",2024
355,Male,White,40-49,11,Part-Time,"$93,937.41",2022
356,Male,Asian,40-49,6,Full-Time,"$107,024.01",2023
357,Male,White,30-39,8,Full-Time,"$115,159.65",2024
358,Male,White,30-39,6,Casual,"$17,915.16",2023
359,Female,Asian,30-39,1,Full-Time,"$85,434.53",2022
360,Female,White,40-49,3,Casual,"$57,977.55",2022
361,Female,Asian,50-59,8,Casual,"$5,701.48",2023
362,Male,White,30-39,5,Casual,"$84,191.19",2024
363,Male,White,20-29,2,Casual,"$47,352.23",2023
364,Male,Hispanic,50-59,6,Full-Time,"$110,665.50",2022
365,Male,White,20-29,6,Casual,"$82,738.13",2024
366,Male,Asian,30-39,9,Casual,"$7,005.72",2022
367,Female,Asian,40-49,7,Part-Time,"$33,451.59",2023
368,Male,White,50-59,7,Part-Time,"$103,153.90",2022
369,Female,White,50-59,3,Casual,"$11,817.01",2024
370,Female,Asian,30-39,8,Part-Time,"$51,838.72",2023
371,Male,African,40-49,9,Casual,"$21,821.64",2024
372,Female,Asian,40-49,5,Part-Time,"$110,784.72",2022
373,Male,Black,40-49,11,Casual,"$63,977.85",2024
374,Male,African,40-49,8,Part-Time,"$16,306.07",2022
375,Male,Black,20-29,3,Casual,"$67,273.30",2024
376,Female,White,40-49,5,Part-Time,"$89,683.10",2024
377,Male,Asian,20-29,8,Casual,"$98,931.10",2023
378,Female,Asian,50-59,12,Full-Time,"$101,281.66",2024
379,Female,African,40-49,2,Part-Time,"$14,359.93",2024
380,Male,Hispanic,30-39,10,Part-Time,"$93,785.33",2022
381,Female,White,50-59,12,Full-Time,"$9,016.12",2022
382,Male,Asian,40-49,4,Full-Time,"$57,113.06",2023
383,Male,African,20-29,8,Full-Time,"$60,474.47",2023
384,Male,White,20-29,8,Part-Time,"$101,294.34",2022
385,Female,White,50-59,5,Casual,"$29,237.04",2024
386,Male,Asian,20-29,2,Casual,"$115,186.13",2024
387,Male,Hispanic,40-49,12,Part-Time,"$38,284.84",2022
388,Male,African,50-59,8,Full-Time,"$32,126.68",2022
389,Male,Black,40-49,11,Casual,"$22,268.03",2024
390,Male,Asian,30-39,2,Part-Time,"$91,639.29",2022
391,Male,Hispanic,30-39,11,Part-Time,"$35,599.76",2022
392,Male,Asian,40-49,8,Full-Time,"$112,197.80",2023
393,Male,Hispanic,50-59,2,Part-Time,"$19,729.70",2024
394,Male,Asian,50-59,4,Full-Time,"$108,392.87",2024
395,Female,Hispanic,40-49,11,Full-Time,"$54,224.25",2024
396,Female,Asian,20-29,5,Part-Time,"$20,490.02",2024
397,Female,Asian,50-59,10,Part-Time,"$91,192.31",2023
398,Male,White,40-49,8,Full-Time,"$35,080.86",2023
399,Male,Asian,30-39,12,Full-Time,"$116,914.12",2022
400,Female,Hispanic,20-29,11,Full-Time,"$80,370.63",2023
401,Female,Black,50-59,8,Part-Time,"$64,330.43",2022
402,Female,White,40-49,1,Casual,"$110,450.76",2023
403,Female,African,50-59,2,Full-Time,"$76,949.14",2022
404,Female,African,30-39,4,Part-Time,"$95,674.18",2024
405,Female,African,40-49,2,Casual,"$82,196.27",2022
406,Female,African,50-59,2,Full-Time,"$111,774.46",2024
407,Female,White,50-59,9,Part-Time,"$27,684.01",2024
408,Female,African,40-49,11,Casual,"$45,669.41",2023
409,Female,White,30-39,8,Full-Time,"$115,937.03",2022
410,Male,White,30-39,8,Part-Time,"$113,048.33",2024
411,Female,Asian,20-29,11,Part-Time,"$30,708.16",2022
412,Female,White,40-49,2,Full-Time,"$9,113.34",2022
413,Male,African,40-49,6,Part-Time,"$42,503.21",2024
414,Male,Hispanic,20-29,3,Casual,"$54,779.59",2024
415,Female,White,50-59,6,Part-Time,"$107,863.93",2024
416,Female,Hispanic,40-49,12,Casual,"$6,970.65",2024
417,Female,Black,40-49,1,Casual,"$68,793.12",2023
418,Male,Asian,50-59,4,Part-Time,"$36,354.02",2024
419,Female,Black,40-49,12,Full-Time,"$52,258.08",2023
420,Male,Black,30-39,4,Part-Time,"$45,287.45",2024
421,Male,Black,20-29,11,Full-Time,"$40,692.79",2022
422,Female,Asian,20-29,12,Casual,"$39,427.76",2022
423,Female,Hispanic,40-49,11,Part-Time,"$36,365.26",2022
424,Female,Black,50-59,8,Part-Time,"$116,590.90",2022
425,Male,Asian,50-59,11,Part-Time,"$112,201.97",2023
426,Female,White,30-39,5,Full-Time,"$97,839.46",2024
427,Male,Asian,20-29,4,Casual,"$80,598.05",2023
428,Female,Black,50-59,12,Full-Time,"$103,175.81",2024
429,Female,African,40-49,4,Full-Time,"$71,871.29",2023
430,Male,African,40-49,8,Part-Time,"$32,261.60",2024
431,Male,Hispanic,40-49,11,Part-Time,"$7,466.58",2023
432,Male,African,40-49,4,Full-Time,"$17,194.71",2024
433,Male,Asian,40-49,11,Casual,"$109,971.24",2024
434,Male,African,20-29,4,Part-Time,"$47,596.76",2024
435,Female,Black,30-39,6,Casual,"$44,612.35",2024
436,Male,Black,30-39,4,Part-Time,"$4,439.51",2022
437,Male,White,40-49,5,Part-Time,"$72,275.10",2024
438,Male,Asian,20-29,3,Casual,"$8,989.50",2023
439,Female,Asian,50-59,11,Full-Time,"$51,095.46",2022
440,Male,African,30-39,5,Full-Time,"$42,812.85",2023
441,Male,Asian,50-59,3,Part-Time,"$64,445.94",2024
442,Female,Hispanic,20-29,12,Part-Time,"$21,693.10",2024
443,Male,Asian,20-29,8,Part-Time,"$108,185.95",2023
444,Female,White,20-29,8,Full-Time,"$91,900.24",2022
445,Male,African,50-59,9,Casual,"$72,528.85",2023
446,Male,African,50-59,12,Part-Time,"$41,217.17",2023
447,Female,Black,50-59,12,Casual,"$37,209.48",2024
448,Female,White,20-29,3,Part-Time,"$40,784.18",2023
449,Male,Hispanic,20-29,4,Casual,"$39,564.66",2022
450,Male,Asian,20-29,5,Full-Time,"$51,045.09",2024
451,Male,African,40-49,8,Part-Time,"$66,140.24",2024
452,Female,Black,20-29,9,Full-Time,"$85,084.31",2022
453,Female,White,40-49,5,Full-Time,"$77,149.18",2023
454,Female,Hispanic,40-49,5,Full-Time,"$82,817.33",2023
455,Male,Hispanic,50-59,7,Part-Time,"$86,799.06",2023
456,Female,Black,30-39,6,Part-Time,"$53,926.41",2024
457,Female,Hispanic,30-39,10,Casual,"$110,310.53",2022
458,Male,Hispanic,40-49,2,Full-Time,"$104,471.36",2023
459,Male,Hispanic,50-59,6,Casual,"$37,416.24",2024
460,Male,White,40-49,10,Part-Time,"$55,666.85",2023
461,Male,African,40-49,9,Full-Time,"$71,952.44",2022
462,Male,Hispanic,20-29,8,Casual,"$53,126.14",2023
463,Female,African,50-59,11,Casual,"$88,246.90",2023
464,Male,Asian,40-49,11,Full-Time,"$23,279.52",2023
465,Female,Black,30-39,2,Full-Time,"$103,907.05",2022
466,Male,Asian,50-59,10,Casual,"$49,270.31",2022
467,Male,White,50-59,4,Part-Time,"$50,070.91",2022
468,Female,African,30-39,8,Part-Time,"$88,194.14",2023
469,Male,Black,50-59,1,Full-Time,"$92,972.50",2022
470,Female,Asian,40-49,5,Part-Time,"$10,636.47",2023
471,Male,Hispanic,20-29,5,Full-Time,"$37,101.20",2024
472,Female,Asian,20-29,7,Part-Time,"$52,330.35",2024
473,Male,White,20-29,4,Part-Time,"$46,830.49",2024
474,Female,Asian,30-39,2,Casual,"$34,807.54",2022
475,Female,Asian,40-49,12,Part-Time,"$44,526.67",2023
476,Male,Hispanic,50-59,12,Casual,"$40,757.47",2023
477,Female,White,30-39,1,Casual,"$76,871.78",2024
478,Male,Black,30-39,7,Part-Time,"$25,702.38",2023
479,Male,Black,30-39,12,Casual,"$12,893.59",2022
480,Female,Hispanic,30-39,7,Full-Time,"$6,192.82",2023
481,Female,Asian,40-49,4,Full-Time,"$65,333.69",2023
482,Female,African,20-29,7,Full-Time,"$115,238.69",2024
483,Male,African,20-29,10,Part-Time,"$72,723.48",2024
484,Female,Black,20-29,4,Part-Time,"$6,198.96",2022
485,Female,Hispanic,30-39,9,Casual,"$81,008.60",2024
486,Male,Asian,20-29,7,Casual,"$23,180.45",2022
487,Male,Hispanic,20-29,1,Full-Time,"$78,624.54",2024
488,Female,Black,30-39,3,Full-Time,"$19,116.41",2023
489,Male,Hispanic,20-29,2,Full-Time,"$116,197.91",2022
490,Female,White,20-29,3,Full-Time,"$85,890.66",2024
491,Male,African,30-39,7,Full-Time,"$5,079.20",2023
492,Female,White,40-49,9,Part-Time,"$76,015.06",2022
493,Female,Asian,50-59,4,Part-Time,"$96,792.92",2024
494,Male,Black,50-59,7,Casual,"$64,627.51",2023
495,Male,African,40-49,7,Casual,"$56,953.95",2022
496,Female,Black,40-49,4,Part-Time,"$55,857.11",2023
497,Female,Black,20-29,2,Part-Time,"$70,868.36",2024
498,Male,Asian,20-29,2,Part-Time,"$57,497.04",2024
499,Male,Hispanic,40-49,12,Full-Time,"$94,460.35",2024
500,Male,White,40-49,6,Part-Time,"$62,838.09",2022
501,Female,Hispanic,40-49,4,Casual,"$7,511.84",2024
502,Male,White,30-39,3,Full-Time,"$47,997.35",2022
503,Female,Black,50-59,10,Part-Time,"$91,189.11",2022
504,Male,African,40-49,3,Casual,"$101,448.83",2022
505,Female,Black,30-39,12,Casual,"$78,385.07",2022
506,Female,Asian,50-59,12,Part-Time,"$93,569.94",2022
507,Female,Black,40-49,11,Full-Time,"$17,714.48",2024
508,Male,Asian,40-49,1,Full-Time,"$74,850.75",2024
509,Male,White,40-49,12,Part-Time,"$80,012.02",2023
510,Male,Hispanic,50-59,4,Part-Time,"$103,131.17",2022
511,Female,African,20-29,1,Casual,"$4,689.09",2022
512,Female,White,30-39,1,Casual,"$113,929.99",2024
513,Male,African,50-59,6,Full-Time,"$91,432.84",2023
514,Male,Black,40-49,2,Full-Time,"$79,608.28",2024
515,Female,Black,40-49,2,Casual,"$23,366.80",2024
516,Male,White,40-49,5,Full-Time,"$11,479.11",2022
517,Male,African,20-29,6,Full-Time,"$21,695.24",2024
518,Female,African,40-49,11,Casual,"$91,475.83",2023
519,Male,Hispanic,20-29,8,Part-Time,"$5,288.76",2024
520,Female,Black,50-59,6,Casual,"$7,194.42",2023
521,Male,White,50-59,9,Part-Time,"$14,165.49",2022
522,Female,African,50-59,1,Part-Time,"$40,209.96",2024
523,Male,Hispanic,40-49,12,Part-Time,"$89,216.41",2022
524,Female,African,50-59,5,Casual,"$3,943.71",2024
525,Female,White,30-39,2,Casual,"$119,521.07",2024
526,Female,Black,20-29,10,Casual,"$94,640.87",2022
527,Male,Black,50-59,8,Casual,"$66,108.53",2023
528,Male,Black,30-39,9,Full-Time,"$23,911.18",2023
529,Male,Hispanic,50-59,12,Part-Time,"$82,035.07",2022
530,Male,Asian,50-59,5,Part-Time,"$29,292.85",2023
531,Female,White,40-49,5,Part-Time,"$103,782.17",2022
532,Male,Hispanic,30-39,2,Full-Time,"$55,840.84",2022
533,Female,Black,40-49,7,Part-Time,"$67,260.45",2024
534,Male,Hispanic,20-29,5,Casual,"$33,412.73",2022
535,Male,White,20-29,10,Casual,"$110,419.01",2022
536,Male,African,40-49,8,Full-Time,"$56,794.27",2022
537,Female,Hispanic,50-59,4,Casual,"$89,670.40",2023
538,Female,Hispanic,50-59,4,Part-Time,"$75,591.20",2022
539,Male,African,40-49,2,Full-Time,"$26,171.94",2023
540,Female,Hispanic,40-49,8,Casual,"$67,204.15",2022
541,Male,Hispanic,40-49,3,Full-Time,"$20,740.98",2024
542,Male,White,40-49,7,Full-Time,"$109,162.37",2022
543,Female,Asian,20-29,7,Part-Time,"$87,396.51",2023
544,Male,Asian,20-29,2,Part-Time,"$65,566.15",2024
545,Male,African,30-39,3,Part-Time,"$103,005.60",2024
546,Male,African,30-39,9,Full-Time,"$57,216.04",2024
547,Male,African,50-59,5,Part-Time,"$108,867.08",2024
548,Female,African,30-39,10,Full-Time,"$42,502.29",2022
549,Female,African,50-59,9,Casual,"$20,467.44",2022
550,Male,Asian,50-59,2,Full-Time,"$29,348.17",2023
551,Female,White,20-29,10,Casual,"$2,505.67",2022
552,Male,Asian,50-59,5,Full-Time,"$74,553.22",2024
553,Male,Black,20-29,9,Full-Time,"$51,672.24",2022
554,Male,Hispanic,50-59,11,Full-Time,"$30,465.15",2023
555,Male,African,50-59,11,Part-Time,"$44,724.02",2022
556,Female,Hispanic,20-29,1,Casual,"$103,787.39",2023
557,Female,White,20-29,2,Casual,"$4,353.78",2022
558,Male,Hispanic,40-49,7,Casual,"$71,711.31",2024
559,Male,African,20-29,4,Full-Time,"$12,664.72",2022
560,Female,Hispanic,30-39,7,Part-Time,"$31,355.75",2022
561,Female,African,50-59,7,Casual,"$26,267.74",2024
562,Male,Black,50-59,2,Casual,"$71,805.78",2022
563,Male,Black,50-59,10,Part-Time,"$83,062.44",2022
564,Male,Asian,30-39,5,Full-Time,"$81,889.23",2024
565,Female,Black,40-49,7,Casual,"$96,138.83",2022
566,Female,Black,20-29,5,Full-Time,"$69,052.53",2022
567,Female,Hispanic,20-29,6,Part-Time,"$24,694.50",2024
568,Male,Black,30-39,9,Part-Time,"$70,313.69",2024
569,Male,Asian,30-39,9,Casual,"$35,236.26",2022
570,Female,White,50-59,4,Part-Time,"$35,655.16",2022
571,Female,Asian,30-39,7,Full-Time,"$7,534.57",2022
572,Male,African,20-29,12,Casual,"$59,101.82",2024
573,Male,Asian,20-29,8,Casual,"$85,863.94",2023
574,Male,White,30-39,9,Full-Time,"$56,721.66",2024
575,Female,White,40-49,6,Casual,"$105,929.70",2024
576,Male,Hispanic,50-59,2,Full-Time,"$57,096.16",2022
577,Female,Hispanic,50-59,7,Full-Time,"$12,996.07",2024
578,Male,White,30-39,6,Casual,"$88,050.07",2023
579,Male,White,50-59,3,Full-Time,"$49,766.89",2022
580,Female,Asian,30-39,1,Full-Time,"$49,850.19",2023
581,Female,African,40-49,5,Casual,"$109,335.98",2024
582,Female,White,20-29,1,Full-Time,"$101,048.75",2023
583,Male,Asian,30-39,12,Full-Time,"$104,992.97",2022
584,Male,African,30-39,12,Casual,"$117,247.20",2023
585,Male,African,50-59,2,Full-Time,"$24,246.17",2024
586,Male,Black,30-39,3,Casual,"$43,776.01",2023
587,Male,White,50-59,3,Part-Time,"$97,072.42",2022
588,Male,White,40-49,3,Part-Time,"$104,563.49",2023
589,Female,Asian,50-59,9,Full-Time,"$95,744.42",2022
590,Male,African,40-49,12,Full-Time,"$59,468.78",2023
591,Female,Hispanic,40-49,12,Full-Time,"$57,252.51",2024
592,Male,White,30-39,8,Full-Time,"$64,248.25",2022
593,Female,African,50-59,6,Part-Time,"$106,860.05",2024
594,Female,White,20-29,1,Casual,"$114,409.76",2022
595,Male,African,50-59,1,Part-Time,"$39,114.19",2022
596,Female,Hispanic,30-39,3,Full-Time,"$86,338.05",2023
597,Female,Hispanic,40-49,3,Part-Time,"$64,794.72",2024
598,Female,Black,30-39,8,Casual,"$58,663.39",2022
599,Female,African,40-49,10,Part-Time,"$111,010.91",2024
600,Male,Asian,20-29,10,Full-Time,"$29,637.88",2022
601,Male,African,30-39,3,Full-Time,"$76,380.46",2024
602,Female,Hispanic,30-39,1,Part-Time,"$39,132.29",2024
603,Female,African,40-49,1,Casual,"$19,239.66",2024
604,Male,Hispanic,40-49,5,Casual,"$27,434.53",2023
605,Female,White,20-29,3,Casual,"$4,376.98",2023
606,Male,Hispanic,20-29,9,Part-Time,"$115,262.78",2023
607,Female,African,40-49,2,Part-Time,"$76,079.88",2023
608,Female,Asian,40-49,9,Full-Time,"$58,900.41",2024
609,Male,Black,50-59,10,Full-Time,"$10,627.29",2024
610,Female,Black,30-39,2,Part-Time,"$70,819.50",2024
611,Male,Black,40-49,11,Part-Time,"$76,368.05",2023
612,Female,Asian,40-49,8,Part-Time,"$13,276.65",2022
613,Male,Black,20-29,2,Full-Time,"$57,937.24",2022
614,Male,White,40-49,11,Casual,"$102,837.97",2024
615,Male,African,50-59,6,Casual,"$38,979.52",2022
616,Female,African,20-29,2,Part-Time,"$102,458.00",2022
617,Male,Hispanic,40-49,12,Part-Time,"$73,699.91",2024
618,Female,Asian,30-39,1,Part-Time,"$33,013.18",2023
619,Male,Hispanic,30-39,4,Full-Time,"$28,245.94",2022
620,Male,African,30-39,2,Casual,"$109,036.15",2023
621,Female,African,40-49,8,Full-Time,"$74,620.74",2024
622,Female,Asian,20-29,8,Casual,"$110,907.30",2023
623,Male,African,20-29,7,Casual,"$106,803.88",2024
624,Male,Asian,20-29,2,Part-Time,"$24,071.52",2022
625,Male,African,30-39,3,Casual,"$109,191.56",2023
626,Female,Asian,40-49,6,Full-Time,"$112,978.15",2024
627,Male,African,40-49,2,Full-Time,"$112,424.50",2022
628,Female,Asian,30-39,9,Casual,"$103,251.40",2023
629,Female,Hispanic,50-59,11,Casual,"$89,880.60",2023
630,Female,Asian,20-29,6,Casual,"$16,533.15",2023
631,Male,Black,50-59,11,Casual,"$20,357.35",2024
632,Male,White,20-29,1,Full-Time,"$61,476.88",2024
633,Female,African,20-29,11,Full-Time,"$118,443.41",2023
634,Male,African,40-49,11,Casual,"$40,238.65",2023
635,Female,African,50-59,12,Casual,"$4,063.12",2023
636,Female,Hispanic,50-59,4,Part-Time,"$99,628.72",2023
637,Male,Hispanic,30-39,3,Part-Time,"$69,111.16",2023
638,Male,White,40-49,12,Casual,"$67,999.98",2023
639,Female,Hispanic,40-49,9,Part-Time,"$67,786.89",2024
640,Male,African,50-59,9,Full-Time,"$92,950.13",2024
641,Male,Black,50-59,12,Casual,"$31,460.08",2024
642,Male,White,30-39,3,Part-Time,"$96,610.47",2023
643,Male,Hispanic,40-49,8,Part-Time,"$78,504.65",2023
644,Male,White,30-39,8,Casual,"$96,736.44",2022
645,Male,Hispanic,20-29,12,Full-Time,"$47,426.24",2023
646,Female,Hispanic,50-59,12,Casual,"$110,825.54",2023
647,Male,Black,40-49,8,Part-Time,"$16,569.13",2023
648,Female,African,40-49,10,Casual,"$55,492.55",2023
649,Female,African,30-39,7,Part-Time,"$66,649.72",2024
650,Male,African,40-49,4,Full-Time,"$98,022.07",2023
651,Female,Asian,50-59,11,Casual,"$65,115.17",2024
652,Male,Asian,40-49,5,Part-Time,"$85,576.84",2023
653,Male,White,30-39,6,Full-Time,"$114,871.28",2024
654,Female,Hispanic,50-59,5,Part-Time,"$27,000.96",2023
655,Female,White,40-49,10,Casual,"$16,641.35",2022
656,Male,Hispanic,50-59,4,Part-Time,"$87,948.54",2023
657,Male,White,20-29,11,Full-Time,"$77,181.49",2023
658,Male,African,20-29,11,Part-Time,"$5,052.99",2023
659,Male,African,30-39,1,Casual,"$59,940.41",2023
660,Male,Black,40-49,10,Casual,"$11,754.26",2022
661,Male,Asian,30-39,4,Part-Time,"$43,501.29",2024
662,Female,African,30-39,9,Full-Time,"$57,490.71",2024
663,Male,Hispanic,40-49,12,Casual,"$92,618.35",2022
664,Female,Black,40-49,5,Part-Time,"$100,532.47",2022
665,Female,White,50-59,5,Full-Time,"$72,394.38",2022
666,Male,African,30-39,3,Casual,"$52,523.37",2024
667,Female,White,50-59,12,Casual,"$66,680.90",2024
668,Male,White,40-49,7,Full-Time,"$34,554.72",2022
669,Male,Hispanic,40-49,4,Casual,"$87,753.83",2024
670,Female,African,30-39,7,Casual,"$68,639.52",2023
671,Female,Asian,30-39,9,Part-Time,"$55,358.30",2023
672,Male,Asian,40-49,5,Part-Time,"$86,914.81",2024
673,Male,White,40-49,8,Part-Time,"$105,544.11",2022
674,Female,African,30-39,9,Part-Time,"$62,424.49",2022
675,Male,Hispanic,30-39,1,Casual,"$46,430.31",2022
676,Female,Hispanic,40-49,12,Full-Time,"$13,034.43",2023
677,Male,White,20-29,12,Full-Time,"$13,445.82",2022
678,Female,Asian,40-49,5,Casual,"$36,806.14",2024
679,Female,White,20-29,8,Part-Time,"$107,023.03",2023
680,Female,Black,50-59,1,Casual,"$55,895.82",2024
681,Female,Asian,50-59,7,Part-Time,"$37,242.90",2024
682,Male,White,20-29,7,Part-Time,"$61,638.44",2022
683,Female,African,20-29,4,Casual,"$119,546.65",2023
684,Female,Hispanic,40-49,10,Part-Time,"$3,728.21",2023
685,Male,Asian,30-39,9,Full-Time,"$89,396.08",2024
686,Male,Hispanic,30-39,5,Full-Time,"$118,046.66",2024
687,Female,Black,40-49,10,Full-Time,"$97,209.87",2024
688,Male,White,30-39,1,Casual,"$103,753.06",2022
689,Female,Asian,30-39,2,Full-Time,"$14,941.97",2022
690,Female,Hispanic,30-39,4,Casual,"$98,754.50",2024
691,Female,Hispanic,40-49,9,Part-Time,"$60,703.52",2024
692,Male,Black,50-59,12,Full-Time,"$18,317.63",2022
693,Male,Asian,20-29,5,Casual,"$41,747.96",2024
694,Female,Hispanic,30-39,2,Casual,"$41,224.16",2022
695,Female,White,20-29,7,Full-Time,"$30,953.46",2023
696,Female,Black,20-29,11,Part-Time,"$87,438.54",2024
697,Female,White,40-49,6,Full-Time,"$118,073.41",2022
698,Female,African,40-49,11,Full-Time,"$81,385.37",2024
699,Male,Black,40-49,6,Part-Time,"$106,988.48",2024
700,Male,Asian,20-29,2,Part-Time,"$55,472.93",2024
701,Male,Asian,40-49,9,Full-Time,"$70,352.48",2024
702,Female,Hispanic,20-29,3,Part-Time,"$4,802.25",2024
703,Female,Black,40-49,8,Casual,"$107,585.47",2024
704,Male,White,50-59,1,Casual,"$90,553.26",2024
705,Female,African,40-49,2,Full-Time,"$113,223.21",2022
706,Female,Black,20-29,11,Full-Time,"$89,399.18",2022
707,Female,Black,40-49,7,Part-Time,"$108,442.94",2022
708,Male,Hispanic,40-49,8,Full-Time,"$33,814.32",2023
709,Female,Hispanic,40-49,12,Part-Time,"$3,938.38",2023
710,Male,Black,50-59,5,Full-Time,"$12,126.50",2024
711,Female,White,30-39,6,Part-Time,"$112,605.06",2022
712,Female,Asian,50-59,3,Part-Time,"$102,354.19",2024
713,Female,Hispanic,30-39,5,Casual,"$36,384.49",2024
714,Male,White,20-29,3,Part-Time,"$100,017.91",2024
715,Male,Asian,50-59,9,Part-Time,"$50,889.42",2024
716,Female,African,30-39,10,Part-Time,"$87,369.93",2022
717,Female,Black,30-39,1,Full-Time,"$47,752.41",2024
718,Male,Black,30-39,12,Casual,"$89,820.72",2023
719,Female,African,20-29,7,Part-Time,"$70,606.40",2024
720,Female,African,20-29,5,Part-Time,"$14,904.33",2023
721,Female,African,30-39,2,Full-Time,"$45,563.55",2024
722,Female,Black,50-59,10,Full-Time,"$71,178.82",2023
723,Female,Hispanic,30-39,10,Part-Time,"$43,185.77",2024
724,Male,African,20-29,3,Casual,"$85,503.65",2023
725,Male,Black,50-59,2,Casual,"$88,383.49",2022
726,Female,Black,30-39,4,Casual,"$56,964.60",2022
727,Female,Asian,30-39,12,Casual,"$30,715.93",2024
728,Female,White,20-29,6,Casual,"$75,501.43",2024
729,Male,Asian,30-39,6,Full-Time,"$78,852.04",2022
730,Male,White,30-39,9,Part-Time,"$82,731.45",2023
731,Male,African,50-59,6,Casual,"$35,134.85",2024
732,Male,Black,50-59,11,Full-Time,"$13,706.47",2024
733,Male,Asian,40-49,6,Part-Time,"$14,473.09",2022
734,Female,Asian,40-49,1,Full-Time,"$109,769.35",2024
735,Male,Black,50-59,6,Casual,"$98,160.17",2024
736,Female,African,50-59,9,Casual,"$64,271.40",2023
737,Female,African,30-39,11,Casual,"$40,141.76",2024
738,Male,Black,20-29,6,Casual,"$74,321.85",2024
739,Male,African,20-29,10,Part-Time,"$30,961.78",2024
740,Female,Hispanic,30-39,1,Full-Time,"$96,089.70",2023
741,Male,African,50-59,12,Full-Time,"$16,544.70",2022
742,Female,Black,50-59,1,Casual,"$10,335.87",2023
743,Female,Hispanic,30-39,4,Full-Time,"$64,230.23",2023
744,Male,Hispanic,50-59,1,Casual,"$106,646.08",2023
745,Female,Black,30-39,2,Full-Time,"$53,263.08",2023
746,Male,Hispanic,20-29,9,Part-Time,"$79,005.98",2022
747,Female,African,30-39,9,Casual,"$91,305.93",2024
748,Female,Hispanic,20-29,5,Part-Time,"$14,293.73",2023
749,Female,White,50-59,10,Part-Time,"$48,649.14",2022
750,Male,African,40-49,3,Casual,"$56,890.64",2023
751,Male,African,50-59,7,Part-Time,"$90,686.87",2022
752,Female,Black,20-29,12,Part-Time,"$83,853.70",2024
753,Female,Hispanic,40-49,11,Part-Time,"$70,296.50",2023
754,Female,African,20-29,8,Part-Time,"$89,684.72",2023
755,Female,White,30-39,5,Full-Time,"$89,279.85",2024
756,Male,Black,40-49,12,Casual,"$56,266.95",2024
757,Male,White,20-29,1,Full-Time,"$43,902.54",2022
758,Female,Hispanic,30-39,4,Full-Time,"$69,675.90",2024
759,Female,Asian,20-29,1,Full-Time,"$8,161.99",2024
760,Female,Asian,20-29,10,Full-Time,"$23,483.21",2023
761,Female,Black,30-39,6,Full-Time,"$78,208.85",2022
762,Female,Hispanic,40-49,9,Casual,"$52,691.02",2022
763,Female,Black,40-49,5,Full-Time,"$17,424.16",2022
764,Female,Asian,50-59,7,Casual,"$107,419.96",2023
765,Male,Black,40-49,3,Full-Time,"$51,878.39",2024
766,Male,Black,40-49,1,Part-Time,"$56,596.48",2024
767,Female,White,40-49,10,Full-Time,"$43,506.92",2022
768,Male,Hispanic,20-29,4,Part-Time,"$105,999.05",2023
769,Male,Black,40-49,1,Full-Time,"$43,825.19",2023
770,Female,White,30-39,6,Part-Time,"$15,311.61",2022
771,Male,African,20-29,12,Full-Time,"$26,387.67",2024
772,Male,White,20-29,3,Full-Time,"$115,354.91",2024
773,Female,Asian,40-49,9,Casual,"$49,203.36",2024
774,Female,Black,50-59,9,Full-Time,"$99,723.25",2023
775,Male,Hispanic,30-39,8,Full-Time,"$15,683.38",2024
776,Female,African,50-59,1,Casual,"$84,905.62",2024
777,Male,Hispanic,20-29,8,Casual,"$84,002.30",2023
778,Male,Asian,20-29,9,Part-Time,"$39,458.11",2024
779,Male,White,20-29,8,Part-Time,"$25,596.60",2024
780,Female,White,50-59,4,Full-Time,"$98,996.42",2023
781,Female,White,50-59,10,Casual,"$56,166.99",2022
782,Male,Black,50-59,8,Casual,"$32,485.54",2023
783,Male,Hispanic,30-39,5,Full-Time,"$83,595.77",2023
784,Female,African,20-29,5,Part-Time,"$80,518.19",2023
785,Male,Asian,30-39,5,Part-Time,"$102,319.37",2023
786,Male,Hispanic,20-29,9,Part-Time,"$107,202.37",2023
787,Male,Hispanic,50-59,6,Part-Time,"$30,548.14",2024
788,Male,Hispanic,40-49,11,Part-Time,"$53,614.10",2024
789,Female,Hispanic,40-49,10,Full-Time,"$63,920.09",2024
790,Male,Hispanic,20-29,11,Casual,"$83,009.47",2023
791,Male,Hispanic,50-59,6,Casual,"$46,167.75",2023
792,Female,African,20-29,2,Part-Time,"$98,056.30",2022
793,Male,African,40-49,7,Casual,"$4,421.58",2022
794,Female,African,40-49,9,Full-Time,"$75,842.78",2024
795,Female,Black,20-29,8,Full-Time,"$23,000.67",2024
796,Female,White,20-29,9,Part-Time,"$98,152.92",2023
797,Male,White,30-39,3,Full-Time,"$107,496.68",2023
798,Female,Hispanic,40-49,6,Casual,"$71,977.33",2024
799,Male,Asian,30-39,12,Casual,"$60,971.03",2023
800,Male,White,30-39,6,Full-Time,"$89,402.38",2022
801,Male,Black,20-29,11,Part-Time,"$111,102.83",2022
802,Female,White,50-59,1,Casual,"$107,083.41",2022
803,Male,White,20-29,11,Full-Time,"$50,891.38",2023
804,Female,Asian,30-39,1,Casual,"$73,089.06",2022
805,Male,African,40-49,6,Full-Time,"$49,616.36",2023
806,Male,Hispanic,40-49,1,Full-Time,"$109,451.16",2024
807,Male,African,50-59,3,Full-Time,"$66,651.51",2024
808,Male,Black,30-39,1,Part-Time,"$79,476.48",2022
809,Male,White,20-29,1,Full-Time,"$108,238.87",2022
810,Female,Asian,40-49,2,Casual,"$66,705.28",2024
811,Female,Black,30-39,2,Casual,"$97,856.19",2022
812,Female,African,20-29,10,Casual,"$87,924.93",2023
813,Female,Asian,40-49,10,Casual,"$40,546.73",2023
814,Male,African,20-29,5,Casual,"$94,984.43",2023
815,Male,Black,50-59,1,Casual,"$115,262.81",2024
816,Male,Black,20-29,7,Full-Time,"$50,491.23",2024
817,Female,White,20-29,11,Part-Time,"$53,473.63",2023
818,Female,Asian,30-39,3,Casual,"$112,855.19",2023
819,Male,Hispanic,50-59,3,Casual,"$74,346.92",2024
820,Male,White,50-59,2,Part-Time,"$74,830.13",2023
821,Female,Hispanic,30-39,10,Full-Time,"$58,677.02",2023
822,Female,African,40-49,1,Part-Time,"$100,779.14",2024
823,Female,African,40-49,9,Casual,"$57,641.21",2024
824,Female,Hispanic,30-39,11,Part-Time,"$95,839.41",2024
825,Male,Asian,30-39,9,Part-Time,"$114,562.10",2022
826,Female,African,40-49,2,Full-Time,"$52,418.22",2024
827,Female,Black,50-59,6,Part-Time,"$75,069.15",2024
828,Male,Asian,30-39,11,Casual,"$88,234.30",2022
829,Female,Asian,30-39,2,Full-Time,"$62,545.11",2023
830,Male,White,30-39,11,Full-Time,"$8,918.06",2024
831,Male,Asian,50-59,5,Part-Time,"$64,601.67",2022
832,Male,African,40-49,4,Part-Time,"$61,163.96",2022
833,Female,White,30-39,12,Full-Time,"$66,106.31",2022
834,Male,African,50-59,6,Casual,"$110,420.72",2022
835,Female,Black,20-29,10,Casual,"$87,105.40",2022
836,Male,Black,30-39,8,Full-Time,"$93,083.10",2024
837,Female,White,50-59,9,Part-Time,"$73,692.56",2024
838,Female,Asian,50-59,9,Full-Time,"$27,458.62",2023
839,Female,Asian,30-39,11,Casual,"$6,742.40",2023
840,Female,African,20-29,12,Casual,"$68,543.22",2022
841,Female,Black,20-29,12,Part-Time,"$59,960.71",2024
842,Male,Black,50-59,10,Full-Time,"$118,609.05",2022
843,Male,White,30-39,4,Full-Time,"$112,224.38",2024
844,Male,White,40-49,5,Part-Time,"$113,983.43",2023
845,Female,African,40-49,3,Full-Time,"$84,455.62",2022
846,Male,African,40-49,9,Casual,"$7,252.37",2022
847,Female,Asian,30-39,2,Casual,"$49,228.05",2023
848,Male,Black,50-59,6,Part-Time,"$95,095.32",2024
849,Male,White,20-29,6,Full-Time,"$88,774.89",2023
850,Female,Black,20-29,9,Part-Time,"$86,484.01",2024
851,Male,Asian,40-49,3,Full-Time,"$74,206.64",2022
852,Female,Black,50-59,7,Part-Time,"$19,105.77",2024
853,Female,African,40-49,2,Part-Time,"$112,431.06",2023
854,Female,Black,20-29,6,Full-Time,"$43,280.42",2024
855,Male,White,20-29,9,Casual,"$12,915.94",2023
856,Male,African,50-59,10,Full-Time,"$107,528.03",2024
857,Male,African,50-59,4,Full-Time,"$37,501.86",2023
858,Male,White,40-49,8,Casual,"$25,425.90",2022
859,Male,Asian,50-59,8,Part-Time,"$102,365.41",2024
860,Male,Black,40-49,11,Full-Time,"$106,042.83",2023
861,Female,Hispanic,20-29,12,Part-Time,"$112,282.14",2023
862,Male,Hispanic,40-49,6,Casual,"$74,130.59",2024
863,Male,Black,30-39,2,Full-Time,"$106,159.36",2023
864,Female,Hispanic,20-29,8,Full-Time,"$17,308.34",2023
865,Male,African,30-39,5,Full-Time,"$3,665.26",2022
866,Female,White,30-39,1,Full-Time,"$99,224.44",2022
867,Female,Asian,50-59,12,Full-Time,"$29,313.80",2022
868,Male,Asian,40-49,5,Part-Time,"$8,234.85",2024
869,Female,Hispanic,20-29,8,Part-Time,"$16,565.75",2024
870,Male,Asian,50-59,8,Part-Time,"$30,240.07",2022
871,Male,Hispanic,20-29,4,Casual,"$86,851.59",2024
872,Male,Hispanic,30-39,5,Part-Time,"$82,641.65",2022
873,Male,Hispanic,50-59,12,Part-Time,"$15,283.13",2024
874,Male,Black,20-29,11,Part-Time,"$30,995.83",2023
875,Male,Black,40-49,1,Casual,"$109,824.98",2022
876,Male,White,30-39,10,Full-Time,"$39,944.19",2023
877,Male,African,30-39,12,Casual,"$64,973.37",2023
878,Female,Hispanic,20-29,8,Part-Time,"$95,454.78",2022
879,Female,Black,50-59,8,Full-Time,"$102,379.04",2023
880,Male,Hispanic,40-49,10,Full-Time,"$100,296.11",2022
881,Female,Asian,40-49,5,Casual,"$95,339.12",2022
882,Male,White,30-39,7,Casual,"$91,656.87",2022
883,Female,White,50-59,2,Part-Time,"$113,013.09",2024
884,Male,Black,40-49,11,Part-Time,"$116,066.12",2023
885,Female,African,40-49,5,Part-Time,"$80,234.54",2022
886,Male,African,30-39,7,Full-Time,"$101,780.18",2023
887,Male,Asian,40-49,5,Full-Time,"$99,247.26",2023
888,Male,White,50-59,8,Casual,"$108,082.75",2022
889,Male,African,30-39,1,Casual,"$77,370.00",2023
890,Female,Hispanic,40-49,8,Full-Time,"$73,496.92",2023
891,Male,Hispanic,20-29,7,Part-Time,"$31,097.19",2023
892,Male,African,50-59,8,Casual,"$65,916.78",2023
893,Female,Black,50-59,7,Casual,"$54,106.16",2024
894,Male,African,40-49,8,Full-Time,"$116,140.14",2024
895,Female,White,40-49,12,Part-Time,"$87,979.60",2024
896,Male,Asian,50-59,10,Part-Time,"$73,296.81",2023
897,Male,White,20-29,3,Full-Time,"$46,382.41",2022
898,Female,African,50-59,2,Part-Time,"$61,875.07",2022
899,Female,Asian,50-59,10,Part-Time,"$52,324.29",2022
900,Female,African,40-49,12,Casual,"$94,203.72",2023
901,Male,White,20-29,6,Casual,"$66,039.83",2023
902,Female,African,30-39,6,Casual,"$69,337.47",2023
903,Female,White,30-39,7,Full-Time,"$51,338.79",2024
904,Female,African,30-39,12,Part-Time,"$76,454.08",2024
905,Female,Hispanic,20-29,10,Full-Time,"$106,971.66",2024
906,Female,Hispanic,40-49,5,Full-Time,"$3,855.63",2023
907,Female,White,30-39,2,Full-Time,"$49,966.53",2024
908,Male,Hispanic,50-59,3,Part-Time,"$109,642.08",2023
909,Female,Asian,40-49,7,Casual,"$90,536.95",2024
910,Female,Hispanic,40-49,5,Casual,"$53,508.67",2023
911,Female,Black,20-29,5,Part-Time,"$51,972.65",2022
912,Female,Hispanic,50-59,11,Full-Time,"$32,057.57",2022
913,Male,Asian,40-49,9,Part-Time,"$7,934.31",2022
914,Female,Hispanic,30-39,12,Part-Time,"$6,425.30",2022
915,Female,Asian,30-39,9,Part-Time,"$11,856.18",2023
916,Male,Black,40-49,11,Full-Time,"$84,320.86",2024
917,Male,Asian,50-59,6,Part-Time,"$80,690.07",2022
918,Female,African,40-49,2,Part-Time,"$30,857.11",2024
919,Female,Asian,40-49,10,Full-Time,"$60,206.39",2022
920,Male,Black,20-29,8,Casual,"$110,953.12",2023
921,Female,African,20-29,6,Part-Time,"$117,431.72",2023
922,Female,African,20-29,7,Full-Time,"$57,921.88",2024
923,Female,Hispanic,50-59,9,Part-Time,"$9,457.09",2022
924,Female,White,30-39,8,Part-Time,"$5,811.09",2023
925,Female,Hispanic,20-29,12,Casual,"$119,017.90",2023
926,Male,Hispanic,50-59,7,Part-Time,"$111,446.93",2023
927,Female,Black,30-39,8,Casual,"$34,444.50",2022
928,Male,Hispanic,30-39,8,Full-Time,"$104,516.46",2023
929,Male,White,30-39,2,Full-Time,"$61,150.00",2023
930,Female,Black,50-59,12,Full-Time,"$55,578.41",2024
931,Female,Hispanic,20-29,6,Casual,"$36,361.56",2022
932,Female,Asian,30-39,10,Casual,"$111,650.48",2022
933,Female,African,20-29,5,Part-Time,"$45,182.24",2022
934,Female,Hispanic,20-29,12,Full-Time,"$48,382.01",2022
935,Female,White,40-49,2,Full-Time,"$11,180.40",2024
936,Male,Black,30-39,11,Full-Time,"$67,070.16",2022
937,Male,African,40-49,1,Full-Time,"$48,531.59",2024
938,Female,Black,40-49,10,Part-Time,"$56,941.45",2022
939,Female,Asian,40-49,2,Part-Time,"$80,003.85",2023
940,Male,African,20-29,3,Casual,"$96,096.38",2023
941,Female,White,50-59,9,Casual,"$4,266.42",2022
942,Male,Black,20-29,3,Full-Time,"$80,262.26",2022
943,Female,White,30-39,9,Casual,"$32,265.37",2022
944,Female,White,40-49,9,Part-Time,"$20,496.27",2023
945,Male,Asian,50-59,10,Full-Time,"$82,806.50",2023
946,Male,Asian,30-39,9,Casual,"$6,802.39",2022
947,Male,African,30-39,2,Part-Time,"$17,076.74",2024
948,Male,Black,30-39,7,Part-Time,"$75,811.82",2024
949,Female,Hispanic,40-49,1,Full-Time,"$65,547.02",2022
950,Female,Black,40-49,11,Part-Time,"$102,327.82",2024
951,Male,Asian,40-49,6,Full-Time,"$77,330.89",2024
952,Male,Hispanic,30-39,8,Part-Time,"$5,805.56",2023
953,Female,African,40-49,2,Casual,"$91,441.39",2022
954,Female,Black,20-29,6,Casual,"$17,401.06",2023
955,Male,White,30-39,5,Part-Time,"$95,590.63",2022
956,Male,Hispanic,40-49,2,Casual,"$90,044.20",2022
957,Male,Black,50-59,6,Full-Time,"$72,746.13",2023
958,Male,Asian,50-59,8,Full-Time,"$70,699.37",2024
959,Male,Black,40-49,6,Part-Time,"$62,649.33",2024
960,Female,African,30-39,4,Part-Time,"$105,535.21",2024
961,Female,Hispanic,40-49,1,Part-Time,"$88,046.25",2023
962,Female,African,20-29,2,Part-Time,"$112,321.88",2024
963,Female,Hispanic,20-29,9,Casual,"$37,691.94",2022
964,Female,Hispanic,40-49,11,Casual,"$25,221.04",2022
965,Female,African,40-49,10,Part-Time,"$46,493.86",2023
966,Male,Black,40-49,4,Casual,"$97,088.23",2024
967,Male,Black,50-59,1,Part-Time,"$80,694.33",2022
968,Male,White,40-49,7,Part-Time,"$59,231.58",2022
969,Female,Black,20-29,8,Full-Time,"$55,827.68",2024
970,Female,White,20-29,8,Part-Time,"$59,819.63",2022
971,Male,African,20-29,5,Casual,"$70,982.59",2022
972,Female,Hispanic,30-39,4,Full-Time,"$66,501.69",2024
973,Male,Hispanic,20-29,8,Part-Time,"$24,425.03",2023
974,Male,African,40-49,2,Part-Time,"$94,758.43",2024
975,Female,Black,30-39,10,Casual,"$64,986.26",2023
976,Male,Asian,20-29,4,Casual,"$68,622.06",2024
977,Female,Black,30-39,11,Casual,"$85,988.46",2022
978,Male,Black,50-59,11,Full-Time,"$50,763.35",2022
979,Male,Asian,50-59,11,Part-Time,"$90,976.55",2024
980,Male,Hispanic,20-29,3,Casual,"$29,675.07",2022
981,Male,Black,50-59,6,Casual,"$50,316.96",2024
982,Male,Black,40-49,4,Casual,"$106,368.45",2024
983,Male,African,20-29,8,Part-Time,"$5,051.87",2024
984,Female,Hispanic,20-29,4,Full-Time,"$3,434.19",2022
985,Male,Hispanic,20-29,11,Part-Time,"$51,928.26",2023
986,Male,African,30-39,1,Part-Time,"$73,464.92",2022
987,Female,Hispanic,20-29,11,Casual,"$19,559.62",2023
988,Female,African,30-39,5,Full-Time,"$19,980.66",2022
989,Male,Black,20-29,6,Full-Time,"$31,313.93",2024
990,Male,African,40-49,1,Part-Time,"$113,525.57",2023
991,Male,African,40-49,1,Full-Time,"$91,095.20",2023
992,Female,White,30-39,7,Casual,"$46,708.94",2024
993,Male,Hispanic,20-29,4,Casual,"$34,146.67",2023
994,Female,Hispanic,50-59,6,Casual,"$40,356.24",2022
995,Male,Hispanic,40-49,4,Casual,"$96,591.86",2024
996,Male,White,20-29,3,Casual,"$86,322.68",2022
997,Female,White,50-59,9,Casual,"$51,429.38",2023
998,Male,Asian,30-39,10,Casual,"$45,463.96",2022
999,Female,Hispanic,20-29,1,Full-Time,"$31,290.88",2023
1000,Male,African,40-49,12,Full-Time,"$59,417.83",2024
